ID,항목,발견된 이슈 및 현상,AI 개발 프롬프트,우선순위
1,승리 화면 로컬라이제이션 키 노출,"현상: 승리 연출 후 ""승리! 스토리 진행도가 갱신되었습니다. webtoon_ep_01_title"" 텍스트가 표시됨. 번역 키(webtoon_ep_01_title)가 로컬라이징되지 않고 그대로 노출됨.",Review the Victory Screen UI component in our Next.js/React game. Find the text label rendering the story progression after a match victory. Ensure that the raw database translation key `webtoon_ep_01_title` is correctly mapped through the localization framework (i18n) to display the dynamic local episode title instead of rendering the raw key string. Add a fallback default string like 'Episode 1' if the key resolution fails.,높음
2,승리 화면 POWER_BALANCE 지표 혼선,"현상: Match Analysis 화면에서 ""POWER_BALANCE: 54 VS 4100""으로 표시됨. 6대3 승리 경기에서 54 대 4100이라는 수치는 유저에게 심각한 혼란을 제공함.","Review the `MatchAnalysis` component calculation logic. Currently, the `POWER_BALANCE` shows disproportionate figures like `54 VS 4100`. Standardize this widget to show normalized battle metrics. Either compare the actual sum of numerical values played during that specific round (e.g., 'Combat Power: 24 vs 18') or clearly label the 54 as 'Your Deck TP' and 4100 as 'Opponent AI Level' to eliminate player confusion.",중간
3,주식 시장(Stock Market) 모달 내 통화 단위 표기 불일치,"현상: 캐릭터 주식 거래 모달에서 보유 잔액은 `SUI 0`으로 표시되지만, 매수 단위 가격은 `211,321 SNS`로 표시됨.","Refactor the character stock market modal component in the UI. The current modal displays the user's balance in `SUI` but displays item purchase prices in `SNS`. If SUI is the gas/governance token and SNS is the utility/in-game token, update the layout to show BOTH balances clearly (`SUI: 0 | SNS: 3,300`). Additionally, add a clear sub-label below the transaction price clarifying any auto-swap conversion rates if applicable.",중간
4,그리드 슬롯 타일(지형/보너스 모디파이어) 툴팁 및 가이드 부족,"현상: 3x3 카드 그리드 내 해골, 산 등 지형 모디파이어 아이콘이 배치되어 있으나, 해당 슬롯의 효과 및 수치 영향에 대한 설명/툴팁이 없음.","Create a lightweight, responsive tooltip component for the 3x3 Triple Triad game grid. When a player hovers or long-presses on slot modifier icons (such as the Mountain icon or Skull icon), render a sleek overlay explaining its active modifier (e.g., 'Earth element cards gain +2 defense on this slot'). Ensure the tooltip automatically repositions itself so it never overlaps the main board borders.",높음
5,카드 업그레이드 정렬(Sorting) 필터 작동 오류,"현상: 카드 업그레이드 화면에서 ID, LV, POW, RAR, STATS, NAME 정렬 버튼 클릭 시 화살표 아이콘만 변경되고 목록이 실제로 정렬되지 않음.","Fix the sorting filter state handler in CardUpgrade.vue. Ensure that when a user clicks the ID, LV, POW, RAR, STATS, or NAME sorting buttons, it triggers a reactive sort method on the local card inventory list (e.g., sorting by level or power value descending/ascending) and correctly triggers a re-render of the list UI.",높음
6,스킬 업그레이드 화면 내 대상 카드 정보 부재,"현상: 특정 카드를 선택해 스킬 강화 화면(/skill)으로 이동하면, 대상 카드의 이름, 썸네일, 속성 등의 요약 정보가 상단에 전혀 표기되지 않아 유저 컨텍스트 상실.","Modify the Skill Upgrade view (/skill) to accept a route parameter for the selected card ID. Fetch the card's metadata and render a card summary banner at the top of the Skill page showing the card's name, element icon, and thumbnail illustration so players have context of which card they are upgrading.",중간
7,스킬 업그레이드 뒤로가기 라우팅 경로 오류,현상: 스킬 강화 페이지의 뒤로가기(←) 버튼 클릭 시 직전 목록(/deck/upgrade)이 아닌 메인 덱 관리 화면(/deck)으로 이탈함.,"Refactor the back button action on the Skill view so that it navigates back to the previous routing history state (i.e., /deck/upgrade) instead of hardcoding a redirect to /deck.",중간
8,스킬 업그레이드 도움말 모달 번역 키 노출 버그,"현상: 스킬 강화 페이지의 도움말(?) 모달 내부 슬라이드 텍스트에 skill_help_upgrade, skill_help_upgrade_desc 등 raw i18n key가 그대로 노출됨.","Identify why localization is failing on the Skill view help modal. Ensure that the text strings in the slider utilize the i18n translation helper (e.g., $t('skill_help_upgrade')) and verify that these keys are defined in the localized JSON files (ko.json, en.json).",높음
9,데스크톱 해상도 좌측 광고/상품 레이아웃 오버랩 현상,현상: 데스크톱 화면에서 뷰포트를 줄일 경우 좌측 상점/광고 배너 영역이 중앙 메인 게임 모바일 컨테이너 위로 겹쳐서 일부 UI를 가림.,"Optimize CSS breakpoints for the global mobile container layout. Prevent the left-aligned ad block from overlapping the main UI container on smaller desktop viewports, and implement sticky centering for the main viewport frame.",낮음
10,스토리 스테이지 선택 화면 난이도 및 보상 정보 부재,"현상: 스토리 모드 스테이지 선택 시 권장 전투력(Recommended TP), 상대 주요 속성, 획득 가능 드롭 보상 정보가 사전 표기되지 않아 난이도 가늠이 어려움.","Update the Episode Selection modal/card view component. Add a summary info panel for each stage displaying Recommended Deck Power (TP), Opponent's Primary Element Attribute, and Expected Rewards (e.g., Gold, SNS Tokens, Card Shards) before the player clicks the Start Match button.",중간
11,카드 팩 구매 후 개봉 연출(Card Pack FX) 연출 생략,현상: 상점에서 카드 팩 구매 시 개봉 애니메이션 없이 결과 목록 팝업만 즉시 표시되어 TCG 수집 요소의 개봉 경험 및 희귀도 연출 감흥이 반감됨.,"Create an interactive Card Pack Opening animation component (`CardPackOpeningModal.vue`). When a card pack item is purchased, play a 2-second pack tearing/glow effect animation before revealing the acquired cards sequentially with rarity-based light/particle effects (SSR/SR highlights).",중간
12,"전투 중 AI 전술 버튼('공격형', '방어형', '밸런스') 선택 피드백 및 효과 안내 부족","현상: 전투 중 전술 변경 시 활성화 상태 아이콘/테두리가 불명확하고, 전술 변경이 AI 추천 로직에 미치는 수치적 영향을 유저가 알 수 없음.","Enhance the Battle Tactics Selection Component. When a player toggles between '공격형', '방어형', and '밸런스', add a prominent glowing active border to the selected state button and render a short status badge/tooltip (e.g., '공격형: 상대 카드 캡처 가능 슬롯 우선 추천') above the active button.",높음
13,주식 거래 확정 모달 내 거래 수수료 및 최종 정산액 내역 부재,현상: 캐릭터 주식 매수/매도 진행 시 최종 확인 팝업에서 거래 수수료 및 정산 상세 내역 없이 단가만 노출되어 거래 후 잔액 차이에 대한 혼선 발생.,"Refactor the Stock Market Transaction Confirmation Modal. Include explicit itemization breakdown: Base Price x Quantity, Estimated Gas/Trading Fee, and Final Expected Total Cost/Payout before the user confirms the transaction.",중간
14,일일 퀘스트/업적 '일괄 수령' 기능 부재 및 수령 피드백 미흡,"완료된 퀘스트 보상이 여러 개일 때 개별 수령만 가능하여 클릭 피로가 높고, 수령 시 상단 재화 카운터 상승 애니메이션이 미흡함.","Add a 'Claim All' (일괄 수령) button to the Quests & Achievements view. When clicked, aggregate all completed, unclaimed quest rewards, execute a batch reward claim API call, update user balances in state, and trigger a floating currency gain animation (+100 SNS) above the header bar.",중간
15,PVP 매치메이킹 대기열 취소 지연 및 기권(Surrender) 확인 팝업 부재,"매칭 검색 취소 클릭 시 반응 지연으로 의도치 않은 대전 진입 발생, 대전 중 기권 버튼 클릭 시 확인 모달 없이 즉시 패배 처리됨.",Refactor the PVP Matchmaking & Battle Surrender flow. 1) Disable matchmaking search immediately upon 'Cancel' button click and show a loading spinner until socket disconnection completes. 2) Wrap the in-battle Surrender button with a confirmation modal asking 'Are you sure you want to forfeit this match? (Result: Loss)' before triggering match surrender.,높음
16,음향(BGM/SFX) 설정 값 LocalStorage 미저장 및 재접속 시 설정 초기화,설정 모달에서 BGM/SFX 음소거 및 볼륨 조절 후 페이지 새로고침 시 설정이 유지되지 않고 초기화됨.,"Implement persistent audio settings in local storage. Create an `audioSettingsStore` using Pinia/Vuex or custom hooks that automatically saves volume slider states and mute toggles to `localStorage.setItem('snshero_audio_settings')`, and restores these preferences upon app startup before initializing audio contexts.",중간
17,프로필 닉네임 변경 화면의 실시간 글자수 및 특수문자 유효성 검증 부족,프로필 닉네임 변경 시 글자수 카운터 및 특수문자 제한 실시간 검증이 제공되지 않아 제출 실패 후에야 에러 파악 가능.,"Add real-time form validation to the Profile Nickname Edit Modal. Display a live character counter (e.g., 5/12), highlight disallowed special characters/spaces in red in real-time, and disable the 'Save Changes' button until a valid nickname string is entered.",낮음
18,전투 화면 내 속성 상성표(Element Advantage) 퀵 참조 팝오버 부재,전투 중 수>화>지>풍>수 속성 상성 관계 및 캡처 판정 가중치를 인게임에서 바로 확인할 수 있는 상성 가이드 버튼/팝오버가 없어 신규 유저 적응에 어려움 발생.,"Add an Element Advantage Quick Reference popover button to the active battle HUD. When tapped, open a translucent overlay displaying the element circle diagram (Water > Fire > Earth > Wind > Water) with clear bonus percentage/value text (e.g., 'Advantage: +2 Top/Left/Bottom/Right power during capture check').",높음
19,웹툰 에피소드 뷰어 내 다음/이전 화 이동 버튼 및 읽기 진행률 저장 부족,"스토리 모드 웹툰 감상 시 다음 화 이동 버튼이 없어 매번 모달을 닫고 나가야 하며, 마지막 읽은 스크롤 위치가 저장되지 않음.",Enhance the Webtoon Viewer modal (`WebtoonModal.vue`). 1) Add sticky 'Previous Episode' and 'Next Episode' navigation buttons at the bottom of the scroll container. 2) Save user scroll progress and last viewed episode ID to user state/local storage so resuming the webtoon re-opens at the last read position.,중간
20,전투 턴 히스토리(Battle Action Log) 및 직전 턴 기록 안내 부재,상대방/AI 턴 연출 후 어떤 카드가 어느 슬롯에 배치되고 어떤 수치 계산으로 카드가 뒤집혔는지 확인할 수 있는 턴 액션 로그 뷰가 없음.,"Create a Battle Turn History drawer component. Maintain an array of turn logs in the battle store (e.g., 'Turn 3: AI placed Ignis at Slot (1,2) -> Flipped Aquaris via Fire vs Water check'). Add a 'Battle Log' icon to the battle UI that toggles a slide-out log panel listing all moves made in the current match.",중간
21,친구 목록 내 친선전(Friendly Match) 1v1 초대 UI 부재,소셜 탭에서 친구의 온/오프라인 상태가 명확하지 않고 1v1 친선 대전을 직접 신청하는 기능이 없어 유저 간 상호작용 제한.,"Implement the Friendly Match Challenge feature in the Social/Friends list component. Add online/offline status indicators for each friend, and add a 'Challenge' (친선전 신청) button that sends a real-time WebSocket invite popup to the online friend with a 30-second timeout.",중간
22,패배 화면 내 '덱 수정(Edit Deck)' 및 '재도전(Rematch)' 퀵 액션 버튼 부재,전투 패배 후 로비 이탈 버튼만 존재하여 실패한 덱의 카드를 교체하거나 동일 스테이지를 바로 재도전하려면 복잡한 화면 이동이 필요함.,Add 'Quick Rematch' (재도전) and 'Edit Deck' (덱 수정) action buttons to the Battle Defeat Result component. Clicking 'Edit Deck' should open a modal overlay over the defeat screen allowing the player to swap cards in their active deck before instantly retrying the stage.,높음
23,단일 속성(Mono-Element) 덱 시너지 보너스 가시성 및 실시간 프리뷰 부재,덱 구성 시 동일 속성 카드 다수 배치에 따른 시너지 보너스 효과 및 실시간 적용 수치가 덱 빌딩 UI에 표시되지 않음.,"Implement a Deck Synergy Preview widget on the My Deck editing view (`DeckBuilder.vue`). Calculate active element synergies in real-time based on selected 5 cards (e.g., '3 Water Cards: +5% Defense Synergy Active') and display a glowing synergy badge above the active deck slots.",중간
24,카드 이미지 로딩 시 스켈레톤 로더(Skeleton Loader) 및 미리 프리로드 부재,대전 시작 또는 상점 진입 시 카드 고해상도 리소스 로딩 지연으로 레이아웃 덜컹거림 및 이미지 노출 지연 발생.,"Implement image preloading and skeleton loaders for all card components (`CardTile.vue`). Render a sleek animated skeleton placeholder matching card dimensions while loading remote image assets, and cache loaded card sprite images in memory.",중간
25,Web3 지갑(SUI Wallet) 세션 만료 시 자동 재연결 안내 모달 부재,연동된 지갑 세션 만료 시 트랜잭션 요청이 명확한 안내 없이 실패하여 유저가 원인을 파악하기 어려움.,"Add a Wallet Session Re-authentication Interceptor. Catch wallet RPC error code 4100/unauthorized during transaction execution, pause the transaction, and prompt the user with a 'Wallet Session Expired. Reconnect Wallet?' modal instead of throwing an unhandled JS error.",중간
26,전투 중 턴 타이머(Turn Countdown) 시각적 진행바 및 타임아웃 경고 부재,턴 제한시간 카운트다운의 시각적 프로그래스 바 및 타임아웃 직전 경고 연출(플래시/효과음)이 없어 턴을 놓치고 강제 스킵되는 인지 문제 발생.,"Create a visual Turn Countdown Progress Bar for the active player's turn (`BattleTimer.vue`). Render a shrinking horizontal bar or radial timer, and trigger a pulsing red glow with a tick audio warning when less than 5 seconds remain before auto-ending the turn.",높음
27,카드 레벨업/EXP 재료 선택 시 '일반 재료 일괄 선택' 및 레벨 상승 프리뷰 부재,"카드 강화 시 재료 카드를 개별 탭해야 하여 강화 과정이 매우 번거로우며, 합성 전 최종 달성 레벨 및 수치 상승 사전 프리뷰가 없음.","Add a 'Select Common Materials' (일반 재료 일괄 선택) filter button to the Card Level-Up view. When clicked, auto-select all N/R rarity fodder cards from inventory, and update a real-time EXP Progress Preview bar showing current LV -> target LV and stat gains before confirmation.",중간
28,시즌 랭킹/리더보드 내 시즌 종료 카운트다운 및 티어 보상 미리보기 모달 부재,랭킹 화면에서 현재 시즌 남은 시간 카운트다운과 각 티어 달성 시 지급될 시즌 종료 보상 명세 안내가 부족하여 랭크전 동기부여 약화.,"Enhance the Season Leaderboard component. Display a live 'Season Ends In: X days Y hours' countdown timer banner at the top, and add a 'Rank Rewards' (시즌 보상) modal detailing token, card pack, and badge payouts for each rank tier.",중간
29,인게임 우편함(Mailbox) '첨부재화 일괄 수령' 및 '읽은 우편 정리' 기능 부재,수신함 내 보상 우편 개별 수령만 지원되고 수령이 끝난 읽은 우편 일괄 삭제 기능이 없어 우편함 관리가 불편함.,Add 'Batch Claim' (일괄 수령) and 'Delete Read Mail' (읽은 우편 삭제) action controls to the In-Game Mailbox component. Allow users to claim all attached items in a single request and clear read system notifications with one click.,낮음
30,전투 승리 화면 카드 경험치(EXP) 상승 게이지 애니메이션 및 레벨업 연출 부재,승리 연출 결과 화면에서 참전 카드 5장의 경험치 차오름 프로그래스 바 및 레벨업 이펙트가 없어 카드 성장의 시각적 체감이 부족함.,"Add a Card EXP Progress Animation widget to the Battle Victory screen. Render EXP fill bars for all 5 participating cards, animate the fill percentage from current to new EXP, and play a shining 'Level Up!' badge animation over cards that leveled up during the match.",중간
31,마이덱 멀티 덱 프리셋(Deck 1/2/3) 저장 및 대표 덱 지정 기능 부재,"단 1개의 덱 구성만 지원되어 PVE 스토리용, PVP 대전용, 속성 특화용 덱을 사전에 프리셋으로 저장하고 전환하는 기능이 없음.","Implement a Multi-Deck Preset Switcher component in `DeckBuilder.vue`. Allow users to save up to 3 distinct deck configurations (Deck 1, Deck 2, Deck 3) with tab navigation, and provide a 'Set as Main Deck' toggle for PVP and Story modes.",높음
32,중복/불필요 카드 분해(Scrap/Disassemble) 및 환급 시스템 UI 부재,인벤토리에 쌓이는 저등급 중복 카드를 분해하여 재화(골드/토큰/조각)로 환급하는 기능이 없어 카드 인벤토리 관리가 비효율적임.,"Create a Card Disassemble/Scrap Modal component (`CardDisassembleModal.vue`). Allow players to select duplicate or unwanted cards, preview total dismantled token/gold returns, and confirm batch dismantling with a confirmation alert.",중간
33,메인 로비 이벤트 배너 모바일 터치 스와이프 미지원 및 일시정지 제어 부족,메인 로비 공지 배너에서 터치 스와이프 동작이 원활하지 않고 배너 터치 시 자동 슬라이드 일시정지가 되지 않아 오터치가 발생함.,Integrate touch swipe gesture handling and auto-play pause-on-hover/touch controls into the Main Lobby Banner Carousel component. Ensure users can drag/swipe left/right between event slides smoothly on mobile screens.,낮음
34,대전 중 이모티콘/퀵 챗(Emote) 및 상대방 음소거(Mute) 기능 부재,"전투 중 이모티콘/감정표현 퀵챗 기능이 없으며, 비매너 상대의 연속 이모티콘 도배를 차단할 수 있는 음소거 버튼이 없음.","Implement an In-Battle Emote & Quick Chat popover component (`BattleEmotes.vue`). Allow players to tap a speech bubble icon on their avatar to send animated stickers/emotes during matches, and add a 'Mute Opponent' toggle icon next to the enemy profile card.",중간
35,최근 전적 기록(Match History) 및 덱 구성 확인 모달 부재,"프로필/대전 메뉴에서 최근 10경기의 승패 기록, 사용했던 덱 조합, 상대 정보 및 점수 변화를 다시 조회할 수 있는 전적 모달이 없음.","Create a Match History View/Modal component (`MatchHistoryModal.vue`). Fetch the player's last 10 battle logs, display win/loss result badges, match timestamp, opponent's username, final score, and a 'View Deck' button to inspect the deck used in that specific match.",중간
36,주력/고희귀도 카드 실수 소비 방지용 '카드 잠금(Card Lock)' 보호 기능 부재,주요 고희귀도(SSR/SR) 카드가 레벨업 재료나 카드 분해/환급 시 실수로 소모되거나 차출되는 것을 방지하는 카드 잠금 토글 기능이 없음.,"Add a Card Lock/Favorite toggle feature to the Card Detail view. When a card is marked as Locked (a padlock icon is toggled on), exclude it from the material selection lists in Card Level-Up, Skill Upgrade, and Card Disassemble components.",높음
37,모바일 절전 모드(Battery Saver Mode) 및 프레임(30/60 FPS) 설정 부재,모바일 기기 플레이 시 발열 및 배터리 소모를 줄일 수 있는 그래픽 옵션 및 30/60 FPS 프레임 조절 기능이 설정 모달에 없음.,"Add a Frame Rate & Battery Saver toggle setting to the Game Settings modal. Allow users to switch between 'Performance (60 FPS)' and 'Battery Saver (30 FPS / Reduced Particle Effects)', adjusting requestAnimationFrame/canvas render throttling accordingly.",낮음
38,전투 중 카드 수치 변동(버프/디버프) 시각적 텍스트 이펙트 연출 부재,"지형 효과나 스킬에 의해 카드 수치가 변동될 때 (+2, -1 등) 플로팅 텍스트 애니메이션 및 색상 하이라이트(초록/빨강) 연출이 없어 능력치 변동 파악이 어려움.","Add Floating Stat Change Text FX (`StatModifierFX.vue`) to card tiles on the battle grid. When a tile modifier or skill node alters a card's top/left/bottom/right numeric values, play a brief floating '+2' in green or '-1' in red above the affected directional arrow before updating the base value text.",높음
39,메인 로비 일일 무료 보상 수령 가능 알림 레드 닷(Red Dot) 부재,상점 및 퀘스트 탭에서 매일 1회 무료 수령 가능한 보상이 지급되었을 때 로비 아이콘 상에 레드 닷 알림이 표기되지 않아 무료 보상을 놓치는 경우가 발생함.,"Implement a Global Red-Dot Notification Badge Store using Pinia/Vuex. Automatically calculate claimable daily free gifts and quest rewards, rendering a red pulsing notification dot on the Shop and Quest tab icons whenever unclaimed daily rewards exist.",중간
40,스토리 모드 대화 이벤트 패스(Skip) 및 자동 진행(Auto) 버튼 부재,스토리 모드 스테이지 진입 전후 대화 모달에서 대사를 빠르게 스킵하는 Skip 버튼 및 대사 자동 진행 Auto 버튼이 없어 재플레이 시 불편함 발생.,"Add 'Skip Story' and 'Auto-Play Dialogue' toggle controls to the Story Dialogue Overlay (`StoryDialogueModal.vue`). Clicking 'Skip' should instantly resolve the conversation and transition to the match, while 'Auto' should auto-advance dialogue lines every 2.5 seconds.",중간
41,카드 팩 상점 내 뽑기 확률 공개(Drop Rate Table) 안내 모달 부재,"상점에서 카드 팩 구매 시 등급별(SSR, SR, R, N) 뽑기 확률 및 출현 가능 카드 리스트 안내 팝업이 없어 확률 정보 파악이 어려움.","Add a 'Probability / Drop Rates' (확률 정보) info button to each Card Pack item card in the store. Clicking it should open a modal listing the exact percentage odds for each rarity tier (SSR: 3%, SR: 12%, R: 35%, N: 50%) and a scrollable table of all obtainable cards in that pool.",중간
42,전투 승리 화면 내 '다음 스테이지 바로 진행(Next Stage)' 연속 플레이 버튼 부재,스토리 모드 승리 시 다음 스테이지로 바로 이동하는 버튼이 없어 매번 에피소드 로비로 이동했다가 다시 진입해야 하는 번거로움 발생.,"Add a 'Next Stage' (다음 스테이지) action button to the Battle Victory screen. When clicked, fetch the next episode/stage metadata, verify entry energy/tokens, and directly transition into the next story match without returning to the stage select lobby.",높음
43,상점/강화 재화 부족 시 '충전소 이동(Top-up)' 팝업 바로가기 링크 부재,"카드 강화나 상점 구매 시 골드/토큰 부족 안내만 표시되고, 상점 충전 탭으로 바로 이동하는 링크 버튼이 없어 동선 복잡.","Enhance the Insufficient Currency Alert modal. When a transaction fails due to insufficient Gold or SNS tokens, display a 'Go to Shop / Top-Up' (재화 충전소 이동) button that directly redirects the player to the currency top-up view with the relevant token tab pre-selected.",중간
44,마이덱 구성 화면 내 카드 속성 필터 칩 및 이름 검색바 부재,보유 카드가 많아질 때 원하는 속성의 카드를 빠르게 찾을 수 있는 속성 태그 필터(수/화/지/풍) 및 카드명 검색 기능이 없음.,"Add Element Filter Chips (Water, Fire, Earth, Wind, Neutral) and a Search Input Bar to the Deck Building inventory panel. Filter the displayed card grid in real-time based on selected element tags and text query matches.",중간
45,전투 카드 배치/뒤집기 사운드 이펙트(SFX) 및 타격감 연출 부족,전투 중 카드를 슬롯에 배치하거나 카드가 뒤집힐 때 타격음 및 속성별 특수 사운드가 부족하여 몰입감 감소.,"Integrate rich Sound FX cues into the battle engine (`BattleAudioEngine.js`). Trigger distinct SFX audio clips for card placement (heavy card thud), element flip attack (elemental WHOOSH sound), and skill node activation (magic chime) based on current audio settings.",중간
46,카드 일러스트 확대 보기 및 상세 스토리(Lore) 모달 부재,마이덱 및 도감에서 카드를 탭했을 때 고화질 일러스트 전체화면 보기 및 캐릭터 세계관/스토리를 볼 수 있는 상세 모달이 없어 몰입감 부족.,"Create a Fullscreen Card Artwork & Lore Modal (`CardDetailLoreModal.vue`). When a user taps a card thumbnail, open a high-res artwork viewer with pinch-to-zoom support, accompanied by a slide-up panel showing the character's backstory, element origins, and artist credits.",중간
47,메인 로비 상단 퀵 음소거(Mute) 토글 버튼 부재,로비에서 음향을 켜고 끌 때 매번 설정 모달로 이동해야 하는 불편함이 있으며 퀵 음소거 버튼이 없음.,"Add a Quick Mute Audio Toggle icon button to the top header bar of the main lobby. Render an animated speaker icon when audio is active, and allow players to mute/unmute global BGM and SFX in 1 tap without opening the Settings modal.",중간
48,PVP 랭크 게임 연승(Win Streak) 보너스 이펙트 및 연승 스트릭 연출 부재,3연승 이상 달성 시 연승 이펙트 및 추가 보너스 명세가 승리 화면에 부각되지 않아 연승 달성 쾌감이 감소함.,"Implement a Win Streak Animation Overlay in the Victory Screen component. When a player achieves 3+ consecutive wins, play a burning flame 'Win Streak x3!' banner animation and display itemized bonus MMR/Token payouts.",중간
49,신규 유저용 초보자 로드맵(Beginner Quest Roadmap) 미션 UI 부재,"초기 튜토리얼 완료 후 초보 유저가 단계별로 달성해야 할 로드맵 가이드 미션(예: 첫 카드 강화, 3회 승리 등)이 제공되지 않아 플레이 유도 부족.","Create a Beginner Onboarding Quest Roadmap widget on the main lobby (`BeginnerRoadmap.vue`). Display a 7-step progressive task list (e.g., 'Step 1: Upgrade any card to Lv.2') with clear progress bars and milestone card pack rewards upon completing each tier.",높음
50,상점 내 카드 팩 단건(1회) / 연속(10연차) 소환 버튼 및 할인/보장 혜택 부재,"카드 팩 구매 시 1회 구매만 지원되고, 10회 연속 소환(10연차) 기능 및 10연차 소환 시 SR 이상 1장 확정/가격 할인 혜택이 없어 뽑기 편의성 부족.","Implement a 'Summon x1' vs 'Summon x10' Toggle/Button controls in the Card Pack Shop (`ShopCardPackModal.vue`). Add a 10x summon discount logic (e.g., 900 SNS instead of 1000 SNS) and guarantee at least one SR or higher rarity card in the 10x pack result payload.",중간
51,전투 중 카드 패(Hand Deck) 롱 프레스 확대 프리뷰 패널 부재,모바일 하단 카드 패의 카드 수치/속성 아이콘이 작아 드래그 전 롱 프레스(Long Press) 터치를 통한 고화질 확대 가이드 오버레이가 제공되지 않음.,"Add a Card Long-Press Zoom Preview gesture handler to player hand cards in `BattleHUD.vue`. When a user touches and holds a card in hand for 300ms, display a magnified card overlay showing directional stats, element advantage text, and active skill node descriptions.",중간
52,마이덱 덱 총 전투력(TP) 세부 기여도 분석 통계 팝오버 부재,"덱 빌딩 화면에 덱 총 전투력 수치만 표시되고 카드 기본 능력치, 스킬 강화 보너스, 속성 시너지 가산점 등의 세부 기여도 내역을 파악할 수 없음.","Create a Deck TP Breakdown Popover in `DeckBuilder.vue`. When tapping the total Deck Power (TP) badge, open a breakdown modal showing: Base Card Stats sum, Skill Node Level Bonuses, and Active Mono-Element Synergy Additions.",낮음
53,전투 결과 화면 내 상대방 유저 '친구 신청' 및 '프로필 조회' 퀵 버튼 부재,대전 종료 후 결과 화면에서 상대 유저에게 바로 친구 요청을 보내거나 상대 프로필/대표 카드를 조회할 수 있는 퀵 버튼이 없어 소셜 연결성 부족.,Add 'Add Friend' (친구 신청) and 'Inspect Profile' (프로필 조회) quick action buttons beside the opponent's nameplate on the Battle Result screen. Tapping 'Add Friend' sends a real-time friend invite request via the social API.,중간
54,전투 중 스킬 노드 발동 알림 배너(Skill Banner) 및 이펙트 미흡,전투 중 카드 스킬 발동 시 발동 스킬명 및 대상 수치 변동 알림 배너가 상단에 연출되지 않아 능력치 변동 파악이 어려움.,"Create an In-Battle Skill Node Activation Banner component (`SkillActivationOverlay.vue`). When a card skill node activates during card placement or flipping, slide in a brief 1.5-second banner from the top displaying the skill name, card icon, and target modifier text.",높음
55,메인 공지 팝업 내 '오늘 하루 다시 보지 않기(Do Not Show Today)' 기능 부재,접속 시 매번 뜨는 공지사항/이벤트 모달에 오늘 하루 보지 않기 옵션이 없어 재접속 시마다 반복 닫기 필요.,"Add a 'Do Not Show Again Today' (오늘 하루 보지 않기) checkbox control to the Main Announcement Modal (`NoticeModal.vue`). When checked on close, store a timestamp string in `localStorage.setItem('snshero_notice_dismissed_at', Date.now())` and suppress modal auto-trigger for 24 hours.",중간
56,스토리 모드 3성(Star Rating) 완벽 클리어 조건 가이드 및 누적 별 보상 바 부재,"스토리 스테이지별 3성 클리어 조건(1성 승리, 2성 6장 이상 캡처 등) 및 누적 별 달성 보상 바가 없어 스테이지 반복 도전 유인 부족.","Implement a Stage 3-Star Rating System and Cumulative Star Reward Bar in `EpisodeSelectModal.vue`. Display explicit 3-star conditions before match start, render gold stars on cleared stage tiles, and add a milestone reward chest bar for total accumulated stars.",중간
57,카드 정렬 필터 내 '최근 획득순(Recently Acquired)' 조건 부재,새 획득 카드를 인벤토리에서 쉽게 찾을 수 있는 '최근 획득순' 정렬 필터 조건이 없어 강화/덱 구성 시 찾기 번거로움.,Add a 'Recently Acquired' (최근 획득순) sort option to the Card Inventory and Upgrade views. Store a `created_at` timestamp on card instances and sort inventory by acquisition date descending when selected.,중간
58,전투 중 스킬 노드 발동 알림 배너(Skill Banner) 및 이펙트 미흡,전투 중 카드 스킬 발동 시 발동 스킬명 및 대상 수치 변동 알림 배너가 상단에 연출되지 않아 능력치 변동 파악이 어렴움.,"Create an In-Battle Skill Node Activation Banner component (`SkillActivationOverlay.vue`). When a card skill node activates during card placement or flipping, slide in a brief 1.5-second banner from the top displaying the skill name, card icon, and target modifier text.",높음
59,메인 공지 팝업 내 '오늘 하루 다시 보지 않기(Do Not Show Today)' 기능 부재,접속 시 매번 뜨는 공지사항/이벤트 모달에 오늘 하루 보지 않기 옵션이 없어 재접속 시마다 반복 닫기 필요.,"Add a 'Do Not Show Again Today' (오늘 하루 보지 않기) checkbox control to the Main Announcement Modal (`NoticeModal.vue`). When checked on close, store a timestamp string in `localStorage.setItem('snshero_notice_dismissed_at', Date.now())` and suppress modal auto-trigger for 24 hours.",중간
60,스토리 모드 3성(Star Rating) 완벽 클리어 조건 가이드 및 누적 별 보상 바 부재,"스토리 스테이지별 3성 클리어 조건(1성 승리, 2성 6장 이상 캡처 등) 및 누적 별 달성 보상 바가 없어 스테이지 반복 도전 유인 부족.","Implement a Stage 3-Star Rating System and Cumulative Star Reward Bar in `EpisodeSelectModal.vue`. Display explicit 3-star conditions before match start, render gold stars on cleared stage tiles, and add a milestone reward chest bar for total accumulated stars.",중간
61,카드 정렬 필터 내 '최근 획득순(Recently Acquired)' 조건 부재,새 획득 카드를 인벤토리에서 쉽게 찾을 수 있는 '최근 획득순' 정렬 필터 조건이 없어 강화/덱 구성 시 찾기 번거로움.,Add a 'Recently Acquired' (최근 획득순) sort option to the Card Inventory and Upgrade views. Store a `created_at` timestamp on card instances and sort inventory by acquisition date descending when selected.,중간
62,전투 중 카드 배치 가능 슬롯(Valid Placement Tile) 시각 하이라이트 가이드 연출 부족,손패에서 카드 선택 시 3x3 그리드 상에 카드를 둘 수 있는 빈 슬롯 하이라이트 애니메이션이 부족하여 배치 오터치 발생.,"Enhance Valid Placement Slot Highlights on the 3x3 Battle Grid (`GridSlotTile.vue`). When a card in player's hand is selected, render a green pulsing drop-zone outline on all empty valid tiles while dimming occupied slots to prevent misclicks.",중간
63,메인 로비 일일 미션 리셋 카운트다운(Reset Countdown) 타이머 표기 부재,퀘스트 메뉴 및 메인 위젯 상에 일일 미션 초기화 남은 시간(HH:MM:SS) 카운트다운이 표시되지 않아 마감 시간 파악이 어려움.,Add a Live Daily Quest Reset Countdown Timer to the Quest Hub widget. Display a real-time 'Resets in HH:MM:SS' countdown bar synced with server midnight UTC/KST reset timestamp.,중간
64,스토리 모드 오프라인 자동 탐색(AFK Patrol) 방치 보상 모달 UI 부재,접속하지 않은 오프라인 동안 클리어한 에피소드에서 골드/EXP가 자동 축적되는 방치 보상 수령 모달이 없어 재접속 동기 약함.,"Implement an AFK Patrol Reward Popup (`AfkPatrolModal.vue`). Calculate cumulative offline exploration earnings based on cleared story chapters (e.g., Gold & EXP per hour, max 12 hours) and present a 1-tap 'Collect AFK Rewards' modal upon login.",중간
65,전투 승리/스킬 발동 모바일 햅틱 진동(Haptic Feedback) 옵션 부재,모바일 브라우저 환경에서 대전 결과 연출 및 스킬 발동 시 기기 진동 연출 옵션이 없어 촉각적 연출감 부족.,"Integrate Navigator Haptic Vibration API into the Game Settings (`HapticService.js`). Trigger distinct vibration patterns for match victory (success pulse), defeat (heavy double pulse), and card flips (`navigator.vibrate(50)`) when haptics setting is enabled.",낮음
66,전투 중 카드 손패 스와이프/가로 스크롤 UX 개선 및 덱 카드 수 카운터 표기,"손패 카드가 많을 때 스크롤 제스처가 매끄럽지 않으며, 현재 남은 손패 수 및 덱 잔여 카드 수 카운터 뱃지가 표기되지 않음.","Improve Player Hand Horizontal Scroll UX in `BattleHUD.vue`. Enable smooth touch momentum dragging on mobile screens, and add a badge showing 'Remaining Hand Cards: X' and 'Deck Stack Remaining: Y' above the player avatar.",중간
67,메인 로비 BGM 트랙 선택(Jukebox / BGM Selector) 시스템 UI 부재,"메인 배경음악이 1개 트랙으로 고정되어 지루함을 유발할 수 있으며, 해금된 테마곡을 자유롭게 변경 재생하는 주크박스 기능이 없음.","Implement a Jukebox BGM Selector Modal (`BgmJukeboxModal.vue`). Allow players to choose from unlocked game soundtracks (e.g., Main Theme, Webtoon Ep.1 Theme, Battle Boss Track) in the audio settings, saving the selected track preference to local storage.",낮음
68,스토리 모드 3성 완벽 클리어 스테이지 '소탕(Sweep / Instant Clear)' 기능 부재,3성 클리어한 스토리 스테이지 재플레이 시 소탕권을 사용하여 연출 없이 보상을 즉시 획득하는 소탕 기능이 없어 반복 플레이 피로 발생.,"Add a 'Stage Sweep / Instant Clear' (소탕) button to 3-Star cleared Story Episodes in `EpisodeSelectModal.vue`. Deduct entry energy, calculate instant battle rewards (Gold, EXP, Drop Items), and present an Auto-Clear Reward Breakdown popup in 1 tap.",높음
69,친구 목록 내 '마지막 접속 시간(Last Active Timestamp)' 표기 부재,"친구 목록에서 오프라인 유저의 마지막 접속 시간(예: '3시간 전', '2일 전')이 표시되지 않아 비활동 친구 관리가 어려움.","Display 'Last Online' Timestamp Labels in the Friends List Component (`SocialFriendsView.vue`). Format relative time strings (e.g., 'Active 10m ago', '3 days ago') for offline friends and allow sorting the friend list by last login timestamp.",낮음
70,전투 중 카드 드래그 시 예상 수치 변동 및 뒤집힘 실시간 미리보기(Live Preview) 부재,"카드를 그리드에 놓기 전 드래그하는 동안, 타겟 슬롯 배치 시 주변 카드 수치 변화 및 캡처(뒤집힘) 여부가 실시간 미리보기로 표시되지 않아 암산 부담 발생.","Add a Live Battle Calculation Preview Overlay (`BattlePreviewEngine.vue`). While a player drags a card over a valid grid slot, display pulsing projected numbers (+2 / -1) on neighboring cards and highlight cards that will be flipped upon drop.",높음
71,메인 로비 통합 시스템 알림 센터(Notification History Center) 모달 부재,"보상 수령, 길드/친구 알림, 거래 완료 등 일회성 스낵바 알림이 지나간 후 내역을 다시 확인할 수 있는 통합 알림 센터 모달이 없음.","Implement a System Notification Center Modal (`NotificationCenterModal.vue`). Log system events (reward claims, friend requests, trade executions) to state and add a Bell icon on the lobby header with a dropdown drawer showing timestamped recent notification logs.",중간
72,스토리 모드 스테이지 '최초 클리어 보너스(First Clear Bonus)' 식별 배지 부재,스토리 모드 각 스테이지의 최초 1회 클리어 특별 보상과 2회차 이상 반복 클리어 보상이 에피소드 모달에서 명확히 구별되어 보이지 않음.,"Add a 'First Clear Bonus' Badge to the Episode Stage Select Modal. Distinctly highlight one-time first-clear rewards (e.g., '1x SSR Ticket - First Clear Only') with a glowing gift box icon separate from repeatable stage drops.",중간
73,모바일 고해상도 디스플레이 카드 수치/텍스트 폰트 뭉개짐 및 가독성 미흡,모바일 기기 해상도에 따라 카드 4방향 수치 및 카드 설명 폰트가 뭉개지거나 안티앨리어싱 처리가 미흡하여 가독성 저하.,"Optimize Font Rendering and CSS Typography across the game UI. Import a crisp web font (e.g., Noto Sans KR / Pretendard) with `-webkit-font-smoothing: antialiased`, and set responsive `rem`/`clamp()` font scaling for directional card numeric labels.",낮음
74,전투 중 카드 수치 비교 번개/빛 줄기 이펙트(Comparison FX) 연출 가시성 부족,카드를 놓아 인접 카드의 상/하/좌/우 수치를 비교할 때 비교 수치 간 강조 이펙트 없이 바로 뒤집혀 판정 과정 파악이 어려움.,"Add a Stat Comparison Lightning Pulse FX before card flips in `BattleBoard.vue`. When a placed card challenges an adjacent tile, draw a brief glowing particle beam between the matching directional numbers for 300ms before triggering the flip animation.",중간
75,메인 로비 실시간 네트워크 지연 시간(Ping ms) 지표 부재,온라인 대전 및 주식 거래 전 유저의 네트워크 지연 시간(Ping ms) 상태를 사전 확인할 수 있는 지표 뱃지가 없음.,"Add a Real-time Network Latency Indicator Badge (`PingIndicator.vue`) to the main header bar. Ping the WebSocket server every 5 seconds, displaying a color-coded status icon (Green <50ms, Yellow <150ms, Red >150ms) with millisecond text on hover/tap.",낮음
76,스토리 모드 챕터 전체 진행 상황 월드 맵(World Map View) 요약 뷰 부재,스토리 에피소드가 수직 리스트로만 나열되어 전체 세계관 진행률 및 챕터별 클리어 현황을 한눈에 보기 어려움.,"Implement a Story Chapter World Map Summary View (`StoryWorldMap.vue`). Display a visual chapter progression map showing total stars collected, cleared episode nodes, and overall story completion percentage.",중간
77,카드 수집 도감 내 미수집 카드 획득처(Acquisition Source) 가이드 및 바로가기 부재,도감의 미수집 카드를 탭했을 때 해당 카드를 획득할 수 있는 스테이지/상점 팩 정보 및 바로가기 버튼이 없음.,"Add an 'Acquisition Source' (획득처 정보) popover panel to uncollected cards in the Codex (`CardCodexView.vue`). Detail the exact stage drop locations or shop pack pools for the unowned card, with a 'Go Now' (바로가기) button that opens the relevant view.",중간
78,전투 중 카드 배치 불가능 슬롯 드래그 앤 드롭 금지 쉐이딩/아이콘 연출 부재,카드를 드래그하여 이미 카드가 차 있거나 배치 불가한 슬롯 위에 가져갔을 때 빨간색 비활성화 금지 오버레이가 표기되지 않음.,"Implement Invalid Drop Target Shading in `BattleBoard.vue`. When a card is dragged over an occupied or invalid grid slot, render a semi-transparent red prohibition icon (`cursor-not-allowed`) overlay and shake the tile slightly on drop release.",중간
79,메인 로비 내 일일 미션 달성률 미니 프로그래스 바 위젯 부재,퀘스트 메뉴로 이동하지 않고 로비 화면에서 오늘 일일 미션 진행률(예: 3/5 완료)을 바로 확인하는 상단 미니 위젯이 없음.,"Add a Mini Daily Mission Progress Banner to the main lobby interface. Render a compact progress bar showing 'Daily Quests: X/Y Completed', clicking which directly opens the Quest Hub modal with claimable tasks highlighted.",중간
80,스토리 모드 추천 클리어 덱 불러오기(Load Clear Deck) 기능 부재,해당 스테이지를 클리어할 때 효과적인 덱 조성을 돕기 위해 이전 클리어 덱 성분 및 보유 카드 기반 추천 덱을 바로 불러오는 기능이 없음.,"Implement a 'Load Recommmended Clear Deck' button in the Episode Pre-Battle view. Fetch the player's previously saved clear deck or the average stage clear deck composition for that episode, allowing players to auto-apply matching owned cards in 1 tap.",중간
81,카드 스킬 업그레이드 포인트 전체 초기화(Skill Reset) 및 환급 버튼 가시성 부족,스킬 포인트를 잘못 투자했을 때 이를 리셋하여 재투자할 수 있는 스킬 초기화(Reset) 버튼이 명확히 노출되지 않음.,Add a prominent 'Reset Skill Points' (스킬 초기화) button to the Skill Upgrade view (`SkillNode.vue`). Allow players to reset invested skill points back to 0 with a confirmation alert detailing the refunded skill points and token costs.,높음
82,전투 중 카드 캡처 성공 vs 방어 성공 구분 사운드 이펙트(SFX) 부재,카드를 놓아 상대를 캡처(뒤집기)할 때 성공음과 실패/방어음의 시각/청각적 구분이 약함.,"Integrate Distinct Flip Victory vs Defense Audio SFX (`BattleSoundEngine.js`). Play a heavy booming impact SFX when a card successfully captures an opponent card, and a metallic deflection sound when a card fails to flip the target.",중간
83,메인 로비 보유 카드 수 및 인벤토리 정원(Inventory Capacity) 위젯 부재,로비 상단에 보유 카드 수 및 최대 인벤토리 한도(예: 124/200)가 표시되지 않아 카드 팩 구매 시 가득 차임 여부 확인이 어려움.,"Add a Live Inventory Capacity Indicator Widget to the Main Lobby header. Display a 'Cards: X/Y' counter badge, and show an 'Inventory Full! Manage Cards' alert modal when attempting to open card packs with a full inventory.",중간
84,스토리 챕터 마지막 스테이지 클리어 후 연계 웹툰 팝업 자동 연출 부재,스토리 챕터의 최종 스테이지를 클리어했을 때 연계된 다음 웹툰 에피소드가 자동으로 감상 모달로 뜨지 않아 스토리 연결성 부족.,"Implement an Auto-Trigger Webtoon Episode Modal upon Chapter Completion. When a player clears the final stage of a story episode, automatically present the corresponding Webtoon Viewer popup before returning to the chapter select screen.",중간
85,카드 스킬 트리 선행 조건 연결선(Skill Tree Connector Line) 가시성 부족,스킬 페이지의 노드 간 선행 경로 연결선이 어둡고 얇아 스킬 해금 순서를 직관적으로 파악하기 어려움.,"Enhance Skill Tree Connector Line Visuals in `SkillNodeTree.vue`. Render glowing animated SVG connector lines between prerequisite skill nodes, changing line color from dim gray to glowing gold when a prerequisite node is unlocked.",중간
86,메인 로비 산만한 배너/위젯 통합 및 접이식 사이드 드로어(Collapsible Drawer) 도입,"로비 화면에 이벤트 배너, 퀘스트 위젯, 주식 티커 등이 동시 노출되어 시선이 분산되고 복잡함.","Refactor the Main Lobby Layout to reduce visual noise (`LobbyView.vue`). Consolidate secondary widgets (Stock Ticker, Event Banners, Quest Hub) into a sleek Collapsible Side Drawer (`LobbyDrawer.vue`) that can be toggled on/off, keeping the main center screen clean and focused strictly on character/deck presentation.",높음
87,전투 HUD 화면 불필요한 고정 텍스트 제거 및 미니멀 오버레이 적용,전투 중 보드 주변 고정 라벨 및 가이드 문구가 상시 노출되어 중앙 카드 판면 집중을 방해함.,"Simplify the Battle HUD Interface (`BattleHUD.vue`). Remove permanent text labels around the board edge, collapse non-essential match stats into a discreet top-right gear icon popover, and apply semi-transparent minimalist borders so players can focus entirely on the 3x3 card board.",높음
88,마이덱/카드 상세 페이지 수직 나열 모듈의 탭 분리(Tabification) 구조화,"카드 상세 및 강화 화면에서 스탯, 스킬 노드, 레벨업 박스가 길게 수직 나열되어 화면이 어지럽고 스크롤 피로 유발.","Redesign the Card Detail View layout (`CardDetailModal.vue`). Tabify the card view into 3 clean sub-tabs: 'Stats & Deck', 'Skills & Nodes', and 'Lore & Artwork' to eliminate long vertical scrolling and reduce screen visual density.",중간
89,상점 상품 카드의 시각적 복잡도 감소 및 탭별 분리 배치,"상점 내 팩, 패키지, 재화 상품이 서로 다른 규격과 태그로 한 화면에 길게 노출되어 시각적 피로감 발생.","Standardize Shop Item Cards Layout (`ShopView.vue`). Apply a unified grid card dimension, clean dark-mode background container, and group related items (Card Packs, Tokens, Packages) into segmented top tabs rather than displaying all store items on a single scroll view.",중간
90,상단 헤더 재화(Currency Bar) 아이콘 고정 노출 축소 및 지갑 팝오버 통합,헤더 상단에 4개 이상의 재화 아이콘이 늘어서 있어 영역이 좁고 산만함.,"Consolidate Top Currency Bar Items (`MainHeader.vue`). Display only 2 primary currencies (Gold & SNS Tokens) on the header bar, and move secondary Web3/Gas tokens into an expandable 'Wallet Balance Overview' slide-down popover accessible via a single compact wallet icon.",높음
91,전투 중 아바타 프로필 카드 주변 정보 간소화 및 오버레이 정리,"전투 화면 상/하단 프로필에 MMR, TP, 전술 등의 수치가 늘어서 카드 판면 시선을 강탈함.","Streamline Battle Player Profile Nameplates (`PlayerProfileCard.vue`). Hide secondary match stats (MMR, Deck Power TP) behind a single compact profile avatar tap gesture, rendering only player name, HP bar, and current turn status on the main battle HUD.",높음
92,스토리 모드 에피소드 리스트 수직 카드 여백 정리 및 아코디언(Accordion) 방식 압축,에피소드 스테이지 카드가 크게 나열되어 스크롤 길이가 길어지고 한눈에 보기 어려움.,"Refactor Episode Selection List (`EpisodeList.vue`). Convert the expanded episode cards into a compact Accordion List layout where only the active/selected episode expands its full stage details, keeping unselected episodes collapsed into thin 1-line row bars.",중간
93,소셜/친구 목록 화면 내 비활성 탭 정리 및 유저 검색 드로어 전환,"친구 목록, 요청, 검색 탭이 한 화면에 펼쳐져 카드 목록 가독성이 떨어짐.","Redesign the Social View Layout (`SocialView.vue`). Present a clean, full-width Friends List as the default view, moving the 'Add Friend Search' and 'Pending Requests' inputs into a dedicated top slide-in Search Drawer to maximize list readability.",중간
94,상점 카테고리 세그먼트 버튼(Segmented Tab Control) 적용 및 스크롤 피로 감소,"상점 내 카드 팩, 패키지, 토큰 충전 섹션이 한 화면에 길게 나열되어 있어 특정 상품을 찾으려면 긴 스크롤이 필요하고 시각적으로 어지러움.","Refactor Shop View Category Navigation (`ShopView.vue`). Implement top Segmented Tab Buttons ('Card Packs' | 'Bundles' | 'Token Top-Up') to show only 1 selected item category per view, eliminating vertical scroll clutter.",중간
95,전투 중 보조 수치 뱃지 미니멀화 및 확장형 팝오버 전환,"대전 화면 상/하단에 남은 덱 카드 수, 손패 카드 수, 턴 시간 등의 보조 수치 뱃지가 화면 가로 공간을 차지함.","Streamline Battle HUD Auxiliary Badges (`BattleHUD.vue`). Collapse secondary badges into a single compact 'Match Stats' icon in the top right, displaying full deck stack counts only on hover/tap to maximize visible canvas area around the 3x3 grid.",중간
96,마이덱 스킬 노드 강화 트리 화면의 플로팅 도움말 전환,스킬 업그레이드 화면 상/하단에 고정 팁 박스가 상시 노출되어 스킬 노드 트리의 시야를 가림.,"Clean up Skill Tree Upgrade Layout (`SkillView.vue`). Move static help text boxes into an expandable floating 'Skill Guide' popover button (`?`), leaving maximum screen area for viewing and interacting with the skill tree nodes.",중간
97,스토리 모드 에피소드 미션 보상 상자 아이콘 오버레이 단순화,"스토리 에피소드 타일에 골드, 경험치, 재화 아이콘이 빽빽하게 붙어있어 타일 카드가 지저분해 보임.","Simplify Episode Mission Reward Overlays in `EpisodeList.vue`. Group multiple drop reward icons into a single clean 'Reward Chest' preview badge on episode tiles, opening a detailed reward list popup only upon clicking the badge.",중간
98,설정(Settings) 모달 내부 흩어진 토글 항목의 아코디언(Accordion Section) 모듈화,"사운드, 그래픽, 햅틱, 계정, 푸시 알림 등이 한 화면에 길게 늘어서 있어 시각적으로 어지럽고 수직 스크롤이 김.","Refactor Settings Modal (`GameSettingsModal.vue`). Group settings options into clean Accordion Sections ('Audio & FX' | 'Graphics & Display' | 'Account & Security' | 'Notifications'), keeping only the active category expanded to reduce modal clutter.",중간
99,전투 승리/패배 결과 화면의 상세 보상 내역 팝업 오버레이 전환,"대전 종료 결과 화면에 골드, 토큰, EXP, 카드 조각, MMR 수치가 화면 가득 빽빽하게 노출되어 시각적 밀도가 과도함.","Simplify Match Victory/Defeat Results View (`BattleResult.vue`). Display only 2 primary summary metrics ('Victory/Defeat' and 'Total SNS Tokens Earned') on the main result card, moving detailed EXP and item drop breakdowns into a single 'View Rewards Detail' collapsible popover.",높음
100,우편함(Mailbox) 메시지 상세 보기 Slide-In 드로어 전환,우편함에서 개별 우편을 선택할 때 화면 전체를 덮는 대형 모달이 열려 목록과 세부 내용을 오갈 때 산만함.,"Redesign In-Game Mailbox Layout (`MailboxModal.vue`). Implement a clean 2-column Master-Detail layout (Left: Mail List, Right: Mail Details) on tablet/desktop viewports, and a smooth right-to-left Slide-In Drawer on mobile viewports.",중간
101,캐릭터 주식 시장(Stock Market) 차트 및 거래 폼 미니멀 탭 분리,"주식 모달에서 캔들 차트, 호가창, 매수/매도 수량 슬라이더가 한 화면에 빽빽하게 배치되어 오터치가 자주 발생함.","Streamline Stock Trading Modal (`StockMarketModal.vue`). Separate the interface into 2 top sub-tabs: 'Market Chart' and 'Trade (Buy/Sell)', isolating chart visualizers from order execution controls to clean up modal layout.",중간